{
  "intents": [
    {
      "intent": "UnrecognizedIntent"
    },
    {
      "intent": "ResetStateIntent"
    },
    {
      "intent": "RestoreStateIntent"
    },
    {
      "intent": "RepeatOptionsIntent"
    },
    {
      "intent": "RepeatSceneIntent"
    },
    {
      "intent": "GoBackIntent"
    },
    {
      "intent": "AMAZON.HelpIntent"
    },
    {
      "intent": "AMAZON.StopIntent"
    },
    {
      "intent": "AMAZON.CancelIntent"
    },
    {
      "intent": "StarWarsIntent"
    },
    {
      "intent": "SpaceQuizIntent"
    },
    {
      "intent": "TeddyBearIntent"
    },
    {
      "intent": "MasterYodaIntent"
    },
    {
      "intent": "MasterAnakinIntent"
    },
    {
      "intent": "HeavyLightsaberIntent"
    },
    {
      "intent": "LightLightsaberIntent"
    },
    {
      "intent": "LongLightsaberIntent"
    },
    {
      "intent": "ShortLightsaberIntent"
    },
    {
      "intent": "StartIntent"
    },
    {
      "intent": "JupiterIntent"
    },
    {
      "intent": "MarsIntent"
    },
    {
      "intent": "NextIntent"
    },
    {
      "intent": "YesIntent"
    },
    {
      "intent": "HugIntent"
    },
    {
      "intent": "GetOffTheBedIntent"
    },
    {
      "intent": "RunIntent"
    },
    {
      "intent": "RattledBallIntent"
    },
    {
      "intent": "CatTreatsIntent"
    },
    {
      "intent": "PatIntent"
    },
    {
      "intent": "ScareHerIntent"
    },
    {
      "intent": "SixIntent"
    },
    {
      "intent": "SevenIntent"
    },
    {
      "intent": "ThankYouChesterIntent"
    },
    {
      "intent": "SorryChesterIntent"
    },
    {
      "intent": "FourteenIntent"
    },
    {
      "intent": "TwelveIntent"
    },
    {
      "intent": "ReadMeTheInvitationIntent"
    },
    {
      "intent": "SendIntent"
    },
    {
      "intent": "PrintTheFlyerIntent"
    },
    {
      "intent": "OkayIntent"
    },
    {
      "intent": "DogIntent"
    },
    {
      "intent": "CatIntent"
    },
    {
      "intent": "ArmstrongIntent"
    },
    {
      "intent": "AldrinIntent"
    },
    {
      "intent": "EightIntent"
    },
    {
      "intent": "NineIntent"
    },
    {
      "intent": "YuriGagarinIntent"
    },
    {
      "intent": "NeilArmstrongIntent"
    },
    {
      "intent": "NoIntent"
    },
    {
      "intent": "SuperstarIntent"
    },
    {
      "intent": "ExplosionIntent"
    }
  ]
}