{
  "intents": [
    {
      "intent": "UnrecognizedIntent"
    },
    {
      "intent": "ResetStateIntent"
    },
    {
      "intent": "RestoreStateIntent"
    },
    {
      "intent": "RepeatOptionsIntent"
    },
    {
      "intent": "RepeatSceneIntent"
    },
    {
      "intent": "GoBackIntent"
    },
    {
      "intent": "AMAZON.HelpIntent"
    },
    {
      "intent": "AMAZON.StopIntent"
    },
    {
      "intent": "AMAZON.CancelIntent"
    },
    {
      "intent": "StarWarsIntent"
    },
    {
      "intent": "LifelineIntent"
    },
    {
      "intent": "TeddyBearIntent"
    },
    {
      "intent": "MasterYodaIntent"
    },
    {
      "intent": "MasterAnakinIntent"
    },
    {
      "intent": "HeavyLightsaberIntent"
    },
    {
      "intent": "LightLightsaberIntent"
    },
    {
      "intent": "LongLightsaberIntent"
    },
    {
      "intent": "ShortLightsaberIntent"
    },
    {
      "intent": "YesIntent"
    },
    {
      "intent": "WhatHappenedIntent"
    },
    {
      "intent": "AreYouAlrightIntent"
    },
    {
      "intent": "HugDavidIntent"
    },
    {
      "intent": "GetOffTheBedIntent"
    },
    {
      "intent": "RunToCabinetIntent"
    },
    {
      "intent": "RattledBallIntent"
    },
    {
      "intent": "TreatsIntent"
    },
    {
      "intent": "RunIntent"
    },
    {
      "intent": "PatIntent"
    },
    {
      "intent": "ScareHerIntent"
    },
    {
      "intent": "SixIntent"
    },
    {
      "intent": "SevenIntent"
    },
    {
      "intent": "ThankYouChesterIntent"
    },
    {
      "intent": "SorryChesterIntent"
    },
    {
      "intent": "FourteenIntent"
    },
    {
      "intent": "TwelveIntent"
    },
    {
      "intent": "TeddyBearPartyIntent"
    },
    {
      "intent": "ChesterTakeMeToDavidIntent"
    },
    {
      "intent": "HeySiriIntent"
    },
    {
      "intent": "SetAReminderIntent"
    },
    {
      "intent": "DogIntent"
    },
    {
      "intent": "CatIntent"
    }
  ]
}